h3id,NO2
89c2f1571a7ffff,57.151999999999994
89c2f119a73ffff,55.0464
89c2f1ccb3bffff,88.8112
89c2f119667ffff,72.94399999999999
