h3id,NO2
89c2f1571a7ffff,16.170212765957448
89c2f119a73ffff,15.574468085106384
89c2f1ccb3bffff,25.127659574468087
89c2f119667ffff,20.638297872340424
