h3id,NO,NO2
89a8100ea3bffff,9.029403202328966,16.906686487658337
89a8100e0b3ffff,29.432853025936602,32.95266417315593
89a8100e333ffff,3.068476621417798,13.17432046468342
89a81000c77ffff,7.933228346456692,15.012564918746861
89a81071433ffff,2.789189189189189,10.300460034502587
89a8103b033ffff,37.218646616541356,30.216765317549196
89a8100c38bffff,6.737423312883436,18.727157029108476
89a81038353ffff,6.856,7.796099290780142
89a8100e837ffff,17.970934256055365,22.005447986453657
