h3id,NO2
898e62d0eabffff,2.63557010365521
898e62d5987ffff,21.53145235892692
898e62c545bffff,1.0574974670719353
898e62c08d3ffff,5.501012451644101
898e62c74d7ffff,5.0505104667124225
898e62c044bffff,24.359955280718307
898e62d5857ffff,15.003284414252759
898e62d5223ffff,10.909558637284702
