h3id,NO,NO2
8949963a4c7ffff,28.13055555555556,16.305555555555557
